SCHEMA;TABLE_NAME;COLUMN_NAME;CONSTRAINT_TYPE
DELTA;GEN_PRODUTOGRUPOSCRIPT;CODGRUPO;
DELTA;GEN_PRODUTOGRUPOSCRIPT;CODGRUPO;FK
DELTA;GEN_PRODUTOGRUPOSCRIPT;CODGRUPO;PK
DELTA;GEN_PRODUTOGRUPOSCRIPT;CODSCRIPT;FK
DELTA;GEN_PRODUTOGRUPOSCRIPT;CODSCRIPT;
DELTA;GEN_PRODUTOGRUPOSCRIPT;CODSCRIPT;PK
DELTA;GEN_PRODUTOGRUPOSCRIPT;CODTIPOSCRIPT;
DELTA;GEN_PRODUTOGRUPOSCRIPT;CODTIPOSCRIPT;FK
DELTA;GEN_PRODUTOGRUPOSCRIPT;CODTIPOSCRIPT;PK
DELTA;SEG_APOLICECONTRATO;CODCONTRATO;PK
DELTA;SEG_APOLICECONTRATO;CODCONTRATO;
DELTA;SEG_APOLICECONTRATO;CODCONTRATO;FK
DELTA;SEG_APOLICECONTRATO;CODITEM;FK
DELTA;SEG_APOLICECONTRATO;CODITEM;PK
DELTA;SEG_APOLICECONTRATO;CODITEM;
DELTA;SEG_APOLICECONTRATO;CODSEGURADORA;FK
DELTA;SEG_APOLICECONTRATO;CODSEGURADORA;FK
DELTA;SEG_APOLICECONTRATO;CODSEGURADORA;PK
DELTA;SEG_APOLICECONTRATO;CODSEGURADORA;
DELTA;SEG_APOLICECONTRATO;CODTIPORISCO;PK
DELTA;SEG_APOLICECONTRATO;CODTIPORISCO;
DELTA;SEG_APOLICECONTRATO;CODTIPORISCO;FK
DELTA;SEG_APOLICECONTRATO;DATFINALVIGENCIA;
DELTA;SEG_APOLICECONTRATO;DATINICIOVIGENCIA;
DELTA;SEG_APOLICECONTRATO;DATULTIMAALTERACAO;
DELTA;SEG_APOLICECONTRATO;IDTSITUACAO;
DELTA;SEG_APOLICECONTRATO;NUMAPOLICE;
DELTA;SEG_APOLICECONTRATO;NUMAPOLICE;PK
DELTA;SEG_APOLICECONTRATO;NUMAPOLICE;FK
DELTA;SEG_APOLICEITEM;CODANEXO;FK
DELTA;SEG_APOLICEITEM;CODCATEGORIA;
DELTA;SEG_APOLICEITEM;CODEXTERNO;
DELTA;SEG_APOLICEITEM;CODEXTERNO;FK
DELTA;SEG_APOLICEITEM;CODITEM;PK
DELTA;SEG_APOLICEITEM;CODITEM;
DELTA;SEG_APOLICEITEM;CODSEGURADORA;PK
DELTA;SEG_APOLICEITEM;CODSEGURADORA;
DELTA;SEG_APOLICEITEM;CODSEGURADORA;FK
DELTA;SEG_APOLICEITEM;CODSEGURADORA;FK
DELTA;SEG_APOLICEITEM;CODSEGURADORASAS;
DELTA;SEG_APOLICEITEM;CODUF;
DELTA;SEG_APOLICEITEM;DATCARGA;
DELTA;SEG_APOLICEITEM;DATEMISSAO;
DELTA;SEG_APOLICEITEM;DATEMISSAOENDOSSO;
DELTA;SEG_APOLICEITEM;DATEMISSAOFAROL;
DELTA;SEG_APOLICEITEM;DATEMISSAOVIDRO;
DELTA;SEG_APOLICEITEM;DATFIMORIGINAL;
DELTA;SEG_APOLICEITEM;DATFIMORIGINALFAROL;
DELTA;SEG_APOLICEITEM;DATFIMORIGINALLATARIA;
DELTA;SEG_APOLICEITEM;DATFIMORIGINALMAQUINA;
DELTA;SEG_APOLICEITEM;DATFIMORIGINALPARACHOQUE;
DELTA;SEG_APOLICEITEM;DATFIMORIGINALSRA;
DELTA;SEG_APOLICEITEM;DATFIMORIGINALTETOSOLAR;
DELTA;SEG_APOLICEITEM;DATFIMORIGINALUNDERCAR;
DELTA;SEG_APOLICEITEM;DATFIMVIGENCIA;
DELTA;SEG_APOLICEITEM;DATFIMVIGENCIAFAROL;
DELTA;SEG_APOLICEITEM;DATFIMVIGENCIALATARIA;
DELTA;SEG_APOLICEITEM;DATFIMVIGENCIAMAQUINA;
DELTA;SEG_APOLICEITEM;DATFIMVIGENCIAPARACHOQUE;
DELTA;SEG_APOLICEITEM;DATFIMVIGENCIASEGURADORA;
DELTA;SEG_APOLICEITEM;DATFIMVIGENCIASRA;
DELTA;SEG_APOLICEITEM;DATFIMVIGENCIATETOSOLAR;
DELTA;SEG_APOLICEITEM;DATFIMVIGENCIAUNDERCAR;
DELTA;SEG_APOLICEITEM;DATINICIOORIGINAL;
DELTA;SEG_APOLICEITEM;DATINICIOORIGINALFAROL;
DELTA;SEG_APOLICEITEM;DATINICIOORIGINALLATARIA;
DELTA;SEG_APOLICEITEM;DATINICIOORIGINALMAQUINA;
DELTA;SEG_APOLICEITEM;DATINICIOORIGINALPARACHOQUE;
DELTA;SEG_APOLICEITEM;DATINICIOORIGINALSRA;
DELTA;SEG_APOLICEITEM;DATINICIOORIGINALTETOSOLAR;
DELTA;SEG_APOLICEITEM;DATINICIOORIGINALUNDERCAR;
DELTA;SEG_APOLICEITEM;DATINICIOVIGENCIA;
DELTA;SEG_APOLICEITEM;DATINICIOVIGENCIAFAROL;
DELTA;SEG_APOLICEITEM;DATINICIOVIGENCIALATARIA;
DELTA;SEG_APOLICEITEM;DATINICIOVIGENCIAMAQUINA;
DELTA;SEG_APOLICEITEM;DATINICIOVIGENCIAPARACHOQUE;
DELTA;SEG_APOLICEITEM;DATINICIOVIGENCIASEGURADORA;
DELTA;SEG_APOLICEITEM;DATINICIOVIGENCIASRA;
DELTA;SEG_APOLICEITEM;DATINICIOVIGENCIATETOSOLAR;
DELTA;SEG_APOLICEITEM;DATINICIOVIGENCIAUNDERCAR;
DELTA;SEG_APOLICEITEM;DATULTIMAALTERACAO;
DELTA;SEG_APOLICEITEM;DSCCEP;
DELTA;SEG_APOLICEITEM;DSCCIDADE;
DELTA;SEG_APOLICEITEM;DSCCNPJ;
DELTA;SEG_APOLICEITEM;DSCNOMESOCIAL;
DELTA;SEG_APOLICEITEM;DSCPLACA;
DELTA;SEG_APOLICEITEM;DSCREGIAORISCO;
DELTA;SEG_APOLICEITEM;IDTBLINDADO;
DELTA;SEG_APOLICEITEM;IDTORIGEM;
DELTA;SEG_APOLICEITEM;IDTSTATUS;
DELTA;SEG_APOLICEITEM;NOMSEGURADO;
DELTA;SEG_APOLICEITEM;NUMANOFABRICACAO;
DELTA;SEG_APOLICEITEM;NUMANOMODELO;
DELTA;SEG_APOLICEITEM;NUMAPOLICE;
DELTA;SEG_APOLICEITEM;NUMAPOLICE;FK
DELTA;SEG_APOLICEITEM;NUMAPOLICE;PK
DELTA;SEG_APOLICEITEM;NUMCHASSIS;
DELTA;SEG_APOLICEITEM;NUMFINALCHASSIS;
DELTA;SEG_APOLICEITEM;VALFRANQUIA;
DELTA;SEG_APOLICEITEM;VALFRANQUIADEMAISPECAS;
DELTA;SEG_APOLICEITEM;VALFRANQUIAFAROL;
DELTA;SEG_APOLICEITEM;VALFRANQUIALATERAL;
DELTA;SEG_APOLICEITEM;VALFRANQUIAPCHOQUE;
DELTA;SEG_APOLICEITEM;VALFRANQUIAREPAROTETO;
DELTA;SEG_APOLICEITEM;VALFRANQUIARETROVISOR;
DELTA;SEG_APOLICEITEMAUXILIAR;ANOEMISSAOAPOLICE;
DELTA;SEG_APOLICEITEMAUXILIAR;CARROCERIA1;
DELTA;SEG_APOLICEITEMAUXILIAR;CARROCERIA2;
DELTA;SEG_APOLICEITEMAUXILIAR;CODAGRUPMODELO;
DELTA;SEG_APOLICEITEMAUXILIAR;CODCATEGORIA;
DELTA;SEG_APOLICEITEMAUXILIAR;CODCATEGORIAFRANQUIA;
DELTA;SEG_APOLICEITEMAUXILIAR;CODCATEGORIAPRESTADOR;
DELTA;SEG_APOLICEITEMAUXILIAR;CODCLASSELOCALIZACAO;
DELTA;SEG_APOLICEITEMAUXILIAR;CODCLAUSULA;
DELTA;SEG_APOLICEITEMAUXILIAR;CODCOBERTURA;
DELTA;SEG_APOLICEITEMAUXILIAR;CODCONVENIO;
DELTA;SEG_APOLICEITEMAUXILIAR;CODCORRENTISTA;
DELTA;SEG_APOLICEITEMAUXILIAR;CODCORRETOR;
DELTA;SEG_APOLICEITEMAUXILIAR;CODEMPRESA;
DELTA;SEG_APOLICEITEMAUXILIAR;CODFILIALCORRETOR;
DELTA;SEG_APOLICEITEMAUXILIAR;CODFIPE;
DELTA;SEG_APOLICEITEMAUXILIAR;CODFLAGCADASTRO;
DELTA;SEG_APOLICEITEMAUXILIAR;CODGRUPOPRODUTO;
DELTA;SEG_APOLICEITEMAUXILIAR;CODIDENVISTORIA;
DELTA;SEG_APOLICEITEMAUXILIAR;CODINSPETORIA;
DELTA;SEG_APOLICEITEMAUXILIAR;CODITEM;PK
DELTA;SEG_APOLICEITEMAUXILIAR;CODITEM;
DELTA;SEG_APOLICEITEMAUXILIAR;CODITEM;FK
DELTA;SEG_APOLICEITEMAUXILIAR;CODITEMSEGURADORA;
DELTA;SEG_APOLICEITEMAUXILIAR;CODLOCALSUCURSAL;
DELTA;SEG_APOLICEITEMAUXILIAR;CODMARCAAUTO;
DELTA;SEG_APOLICEITEMAUXILIAR;CODMODALIDADE;
DELTA;SEG_APOLICEITEMAUXILIAR;CODMODELO;
DELTA;SEG_APOLICEITEMAUXILIAR;CODPLANO;
DELTA;SEG_APOLICEITEMAUXILIAR;CODPOLIZA;
DELTA;SEG_APOLICEITEMAUXILIAR;CODPRODUTO;
DELTA;SEG_APOLICEITEMAUXILIAR;CODRAMO;
DELTA;SEG_APOLICEITEMAUXILIAR;CODREGIAO;
DELTA;SEG_APOLICEITEMAUXILIAR;CODREGIAOCIRCULACAO;
DELTA;SEG_APOLICEITEMAUXILIAR;CODSEGMENTO;
DELTA;SEG_APOLICEITEMAUXILIAR;CODSEGURADORA;FK
DELTA;SEG_APOLICEITEMAUXILIAR;CODSEGURADORA;
DELTA;SEG_APOLICEITEMAUXILIAR;CODSEGURADORA;PK
DELTA;SEG_APOLICEITEMAUXILIAR;CODSEGURADORASUSEP;
DELTA;SEG_APOLICEITEMAUXILIAR;CODSERVICO;
DELTA;SEG_APOLICEITEMAUXILIAR;CODSICRED;
DELTA;SEG_APOLICEITEMAUXILIAR;CODSUBPRODUTO;
DELTA;SEG_APOLICEITEMAUXILIAR;CODSUCURSAL;
DELTA;SEG_APOLICEITEMAUXILIAR;CODTARIFA;
DELTA;SEG_APOLICEITEMAUXILIAR;CODTIPOAUTO;
DELTA;SEG_APOLICEITEMAUXILIAR;CODTIPOENDOSSO;
DELTA;SEG_APOLICEITEMAUXILIAR;CODTIPOVIDRO;
DELTA;SEG_APOLICEITEMAUXILIAR;CODUFPERNOITE;
DELTA;SEG_APOLICEITEMAUXILIAR;CODUFREGIAO;
DELTA;SEG_APOLICEITEMAUXILIAR;CODVEICULO;
DELTA;SEG_APOLICEITEMAUXILIAR;CODVEICULOFIPE;
DELTA;SEG_APOLICEITEMAUXILIAR;CODVERSAO;
DELTA;SEG_APOLICEITEMAUXILIAR;DATADITAMENTO;
DELTA;SEG_APOLICEITEMAUXILIAR;DATAGENDAMENTO;
DELTA;SEG_APOLICEITEMAUXILIAR;DATARQUIVO;
DELTA;SEG_APOLICEITEMAUXILIAR;DATCANCELAMENTO;
DELTA;SEG_APOLICEITEMAUXILIAR;DATINICIOASSISTENCIA;
DELTA;SEG_APOLICEITEMAUXILIAR;DATLIGACAO;
DELTA;SEG_APOLICEITEMAUXILIAR;DATMOVEMISSAO;
DELTA;SEG_APOLICEITEMAUXILIAR;DATNASCIMENTO;
DELTA;SEG_APOLICEITEMAUXILIAR;DATPARAMFIM;
DELTA;SEG_APOLICEITEMAUXILIAR;DATPARAMINI;
DELTA;SEG_APOLICEITEMAUXILIAR;DATPROCESSAMENTO;
DELTA;SEG_APOLICEITEMAUXILIAR;DATREFERENCIACIA;
DELTA;SEG_APOLICEITEMAUXILIAR;DATREFUGO;
DELTA;SEG_APOLICEITEMAUXILIAR;DATREQUISICAO;
DELTA;SEG_APOLICEITEMAUXILIAR;DATTABELAVENDAS;
DELTA;SEG_APOLICEITEMAUXILIAR;DATTARIFA;
DELTA;SEG_APOLICEITEMAUXILIAR;DATVIGENCIAENDOSSO;
DELTA;SEG_APOLICEITEMAUXILIAR;DSCBAIRRO;
DELTA;SEG_APOLICEITEMAUXILIAR;DSCBAIRROPERNOITE;
DELTA;SEG_APOLICEITEMAUXILIAR;DSCCATEGORIA;
DELTA;SEG_APOLICEITEMAUXILIAR;DSCCATEGORIASUSEP;
DELTA;SEG_APOLICEITEMAUXILIAR;DSCCATEGORIAVEIC;
DELTA;SEG_APOLICEITEMAUXILIAR;DSCCEP;
DELTA;SEG_APOLICEITEMAUXILIAR;DSCCEPPERNOITE;
DELTA;SEG_APOLICEITEMAUXILIAR;DSCCEPRISCO;
DELTA;SEG_APOLICEITEMAUXILIAR;DSCCIDADEPERNOITE;
DELTA;SEG_APOLICEITEMAUXILIAR;DSCCLASSELOCALIZACAO;
DELTA;SEG_APOLICEITEMAUXILIAR;DSCCLASSIFICACAO;
DELTA;SEG_APOLICEITEMAUXILIAR;DSCCLAUSULA;
DELTA;SEG_APOLICEITEMAUXILIAR;DSCCNPJ;
DELTA;SEG_APOLICEITEMAUXILIAR;DSCCOBERTURA;
DELTA;SEG_APOLICEITEMAUXILIAR;DSCCOMBUSTIVEL;
DELTA;SEG_APOLICEITEMAUXILIAR;DSCCOMPLEMENTO;
DELTA;SEG_APOLICEITEMAUXILIAR;DSCCONTRATOVIDRO;
DELTA;SEG_APOLICEITEMAUXILIAR;DSCCONVENIO;
DELTA;SEG_APOLICEITEMAUXILIAR;DSCCOR;
DELTA;SEG_APOLICEITEMAUXILIAR;DSCCORRENTISTA;
DELTA;SEG_APOLICEITEMAUXILIAR;DSCCORRETOR;
DELTA;SEG_APOLICEITEMAUXILIAR;DSCCPFCNPJPROPONENTE;
DELTA;SEG_APOLICEITEMAUXILIAR;DSCEMAIL;
DELTA;SEG_APOLICEITEMAUXILIAR;DSCEMAILCORRETOR;
DELTA;SEG_APOLICEITEMAUXILIAR;DSCEMPEMAILRASTREADOR;
DELTA;SEG_APOLICEITEMAUXILIAR;DSCEMPRASTREADOR;
DELTA;SEG_APOLICEITEMAUXILIAR;DSCENDERECOPERNOITE;
DELTA;SEG_APOLICEITEMAUXILIAR;DSCESCRITORIO;
DELTA;SEG_APOLICEITEMAUXILIAR;DSCESTADOITEM2;
DELTA;SEG_APOLICEITEMAUXILIAR;DSCFABRICANTE;
DELTA;SEG_APOLICEITEMAUXILIAR;DSCFILIALCORRETOR;
DELTA;SEG_APOLICEITEMAUXILIAR;DSCFINALIDADEUSO;
DELTA;SEG_APOLICEITEMAUXILIAR;DSCGRUPOVIDRO;
DELTA;SEG_APOLICEITEMAUXILIAR;DSCLINHA;
DELTA;SEG_APOLICEITEMAUXILIAR;DSCLOCALSUCURSAL;
DELTA;SEG_APOLICEITEMAUXILIAR;DSCLOGRADOURO;
DELTA;SEG_APOLICEITEMAUXILIAR;DSCMODELEXT;
DELTA;SEG_APOLICEITEMAUXILIAR;DSCMODELO;
DELTA;SEG_APOLICEITEMAUXILIAR;DSCNOMECORRETORA;
DELTA;SEG_APOLICEITEMAUXILIAR;DSCNUMERO;
DELTA;SEG_APOLICEITEMAUXILIAR;DSCPRESTADORA;
DELTA;SEG_APOLICEITEMAUXILIAR;DSCPRESTADORAVIDRO;
DELTA;SEG_APOLICEITEMAUXILIAR;DSCPRODUTO;
DELTA;SEG_APOLICEITEMAUXILIAR;DSCRASTREADOR;
DELTA;SEG_APOLICEITEMAUXILIAR;DSCSEGMENTO;
DELTA;SEG_APOLICEITEMAUXILIAR;DSCSUCURSAL;
DELTA;SEG_APOLICEITEMAUXILIAR;DSCTELEFONECONTATO;
DELTA;SEG_APOLICEITEMAUXILIAR;DSCTIPOAUTO;
DELTA;SEG_APOLICEITEMAUXILIAR;DSCTIPOCARGA;
DELTA;SEG_APOLICEITEMAUXILIAR;DSCTIPOENDOSSO;
DELTA;SEG_APOLICEITEMAUXILIAR;DSCTIPOPINTURA;
DELTA;SEG_APOLICEITEMAUXILIAR;DSCUTILIZACAOVEICULO;
DELTA;SEG_APOLICEITEMAUXILIAR;DSCVEICULO;
DELTA;SEG_APOLICEITEMAUXILIAR;DSCVISTORIA;
DELTA;SEG_APOLICEITEMAUXILIAR;EQUIPAMENTOS;
DELTA;SEG_APOLICEITEMAUXILIAR;FONTEEMISSAO;
DELTA;SEG_APOLICEITEMAUXILIAR;GERENCRISCO1;
DELTA;SEG_APOLICEITEMAUXILIAR;GERENCRISCO2;
DELTA;SEG_APOLICEITEMAUXILIAR;GRUPOREGIAO;
DELTA;SEG_APOLICEITEMAUXILIAR;IDREQUISICAO;
DELTA;SEG_APOLICEITEMAUXILIAR;IDTANOUSO;
DELTA;SEG_APOLICEITEMAUXILIAR;IDTAPOLICEFROTA;
DELTA;SEG_APOLICEITEMAUXILIAR;IDTAPOLICENDOSSO;
DELTA;SEG_APOLICEITEMAUXILIAR;IDTBLINDADOCASCO;
DELTA;SEG_APOLICEITEMAUXILIAR;IDTCARROIMPORTADO;
DELTA;SEG_APOLICEITEMAUXILIAR;IDTCARRORESERVA;
DELTA;SEG_APOLICEITEMAUXILIAR;IDTCOBERTURA;
DELTA;SEG_APOLICEITEMAUXILIAR;IDTCOBERTURACASCO;
DELTA;SEG_APOLICEITEMAUXILIAR;IDTCOBERTURARAF;
DELTA;SEG_APOLICEITEMAUXILIAR;IDTCONTRATACAO;
DELTA;SEG_APOLICEITEMAUXILIAR;IDTFAROLLANTERNA;
DELTA;SEG_APOLICEITEMAUXILIAR;IDTFROTA;
DELTA;SEG_APOLICEITEMAUXILIAR;IDTLIVREESCOLHA;
DELTA;SEG_APOLICEITEMAUXILIAR;IDTLOGOMARCA;
DELTA;SEG_APOLICEITEMAUXILIAR;IDTMESAMES;
DELTA;SEG_APOLICEITEMAUXILIAR;IDTMOTIVOEXCLUSAO;
DELTA;SEG_APOLICEITEMAUXILIAR;IDTMOVIMENTO;
DELTA;SEG_APOLICEITEMAUXILIAR;IDTPARABRISA;
DELTA;SEG_APOLICEITEMAUXILIAR;IDTPROPOSTA;
DELTA;SEG_APOLICEITEMAUXILIAR;IDTREALPAC;
DELTA;SEG_APOLICEITEMAUXILIAR;IDTRENOVACAO;
DELTA;SEG_APOLICEITEMAUXILIAR;IDTREPAROVIDRO;
DELTA;SEG_APOLICEITEMAUXILIAR;IDTRETROVISOR;
DELTA;SEG_APOLICEITEMAUXILIAR;IDTSEGURADODIFERENCIADO;
DELTA;SEG_APOLICEITEMAUXILIAR;IDTSEXO;
DELTA;SEG_APOLICEITEMAUXILIAR;IDTSTATUSCLIENTE;
DELTA;SEG_APOLICEITEMAUXILIAR;IDTTIPOPESSOA;
DELTA;SEG_APOLICEITEMAUXILIAR;IDTUTILIZATRABALHO;
DELTA;SEG_APOLICEITEMAUXILIAR;IDTVEICULOBLINDADO;
DELTA;SEG_APOLICEITEMAUXILIAR;IDTVIDROSLATVIGIA;
DELTA;SEG_APOLICEITEMAUXILIAR;IDTVISTORIA;
DELTA;SEG_APOLICEITEMAUXILIAR;IDTZEROKM;
DELTA;SEG_APOLICEITEMAUXILIAR;LOTE;
DELTA;SEG_APOLICEITEMAUXILIAR;NOMCONTATO;
DELTA;SEG_APOLICEITEMAUXILIAR;NOMPROPONENTE;
DELTA;SEG_APOLICEITEMAUXILIAR;NUMAPOLICE;FK
DELTA;SEG_APOLICEITEMAUXILIAR;NUMAPOLICE;PK
DELTA;SEG_APOLICEITEMAUXILIAR;NUMAPOLICE;
DELTA;SEG_APOLICEITEMAUXILIAR;NUMAPOLICECONCATENADO;
DELTA;SEG_APOLICEITEMAUXILIAR;NUMAPOLICEPURO;
DELTA;SEG_APOLICEITEMAUXILIAR;NUMAPOLICEREEMITIDA;
DELTA;SEG_APOLICEITEMAUXILIAR;NUMCONTADORENDOSSO;
DELTA;SEG_APOLICEITEMAUXILIAR;NUMCORRETOR;
DELTA;SEG_APOLICEITEMAUXILIAR;NUMCPFCNPJCORRETOR;
DELTA;SEG_APOLICEITEMAUXILIAR;NUMDDD;
DELTA;SEG_APOLICEITEMAUXILIAR;NUMDETPRODUTO;
DELTA;SEG_APOLICEITEMAUXILIAR;NUMENDOSSO;
DELTA;SEG_APOLICEITEMAUXILIAR;NUMIDENTIFICACAO;
DELTA;SEG_APOLICEITEMAUXILIAR;NUMITEMANTERIOR;
DELTA;SEG_APOLICEITEMAUXILIAR;NUMLIGACAO;
DELTA;SEG_APOLICEITEMAUXILIAR;NUMPREMIO;
DELTA;SEG_APOLICEITEMAUXILIAR;NUMPROPOSTA;
DELTA;SEG_APOLICEITEMAUXILIAR;NUMSEQUENCIA;
DELTA;SEG_APOLICEITEMAUXILIAR;NUMSEQUENCIAAPOLICE;
DELTA;SEG_APOLICEITEMAUXILIAR;NUMSEQUENCIAENDOSSO;
DELTA;SEG_APOLICEITEMAUXILIAR;NUMSUCURSAL;
DELTA;SEG_APOLICEITEMAUXILIAR;NUMTELEFONE;
DELTA;SEG_APOLICEITEMAUXILIAR;NUMTELEFONECORRETOR;
DELTA;SEG_APOLICEITEMAUXILIAR;NUMTIPONEGOCIO;
DELTA;SEG_APOLICEITEMAUXILIAR;NUMVISTORIA;
DELTA;SEG_APOLICEITEMAUXILIAR;OBSSEGURADORA;
DELTA;SEG_APOLICEITEMAUXILIAR;PERIODOGARANTIA;
DELTA;SEG_APOLICEITEMAUXILIAR;QTDEIXOS;
DELTA;SEG_APOLICEITEMAUXILIAR;QTDPARCELAS;
DELTA;SEG_APOLICEITEMAUXILIAR;RAMOSUSEP;
DELTA;SEG_APOLICEITEMAUXILIAR;SUCURSALSUSEP;
DELTA;SEG_APOLICEITEMAUXILIAR;UFCIRCULACAO;
DELTA;SEG_APOLICEITEMAUXILIAR;VALCUSTOCOBERTURA;
DELTA;SEG_APOLICEITEMAUXILIAR;VALFRANQUIAFAROL;
DELTA;SEG_APOLICEITEMAUXILIAR;VALFRANQUIAFAROLAUXILIAR;
DELTA;SEG_APOLICEITEMAUXILIAR;VALFRANQUIAFAROLLATRETROV;
DELTA;SEG_APOLICEITEMAUXILIAR;VALFRANQUIAFAROLMOTO;
DELTA;SEG_APOLICEITEMAUXILIAR;VALFRANQUIALANTERNA;
DELTA;SEG_APOLICEITEMAUXILIAR;VALFRANQUIALATERAL;
DELTA;SEG_APOLICEITEMAUXILIAR;VALFRANQUIAPCHOQUE;
DELTA;SEG_APOLICEITEMAUXILIAR;VALFRANQUIARETROV;
DELTA;SEG_APOLICEITEMAUXILIAR;VALFRANQUIARETROVMOTO;
DELTA;SEG_APOLICEITEMAUXILIAR;VALFRANQUIASRA1PECA;
DELTA;SEG_APOLICEITEMAUXILIAR;VALFRANQUIASRADEMAIS;
DELTA;SEG_APOLICEITEMAUXILIAR;VALFRANQUIATETOSOLAR;
DELTA;SEG_APOLICEITEMAUXILIAR;VALFRANQUIAVIGIA;
DELTA;SEG_APOLICEITEMAUXILIAR;VALIMPORTANCIASEGURADO;
DELTA;SEG_APOLICEITEMAUXILIAR;VALMAXIMOINDENIZAVEL;
DELTA;SEG_ATENDIMENTO;CODANEXO;FK
DELTA;SEG_ATENDIMENTO;CODANEXO;
DELTA;SEG_ATENDIMENTO;CODATENDIMENTO;PK
DELTA;SEG_ATENDIMENTO;CODATENDIMENTO;
DELTA;SEG_ATENDIMENTO;CODATENDIMENTOGENESIS;
DELTA;SEG_ATENDIMENTO;CODCEPSM;
DELTA;SEG_ATENDIMENTO;CODCIDADE;
DELTA;SEG_ATENDIMENTO;CODCIDADE;FK
DELTA;SEG_ATENDIMENTO;CODCIDADESERVICO;
DELTA;SEG_ATENDIMENTO;CODCIDADESM;
DELTA;SEG_ATENDIMENTO;CODCLIENTE;FK
DELTA;SEG_ATENDIMENTO;CODCONTRATO;
DELTA;SEG_ATENDIMENTO;CODCONTRATO;FK
DELTA;SEG_ATENDIMENTO;CODEXTERNO;FK
DELTA;SEG_ATENDIMENTO;CODFINALIZACAO;FK
DELTA;SEG_ATENDIMENTO;CODGRUPOSEGURADORA;
DELTA;SEG_ATENDIMENTO;CODGRUPOSEGURADORA;FK
DELTA;SEG_ATENDIMENTO;CODITEM;
DELTA;SEG_ATENDIMENTO;CODMOTIVOCANCELAMENTO;FK
DELTA;SEG_ATENDIMENTO;CODOBJETOCAUSA;
DELTA;SEG_ATENDIMENTO;CODPERIODOSERVICO;
DELTA;SEG_ATENDIMENTO;CODSCRIPT;FK
DELTA;SEG_ATENDIMENTO;CODSEGURADORA;FK
DELTA;SEG_ATENDIMENTO;CODSEGURADORA;FK
DELTA;SEG_ATENDIMENTO;CODSEGURADORA;FK
DELTA;SEG_ATENDIMENTO;CODSEGURADORA;FK
DELTA;SEG_ATENDIMENTO;CODSEGURADORA;
DELTA;SEG_ATENDIMENTO;CODSITUACAO;FK
DELTA;SEG_ATENDIMENTO;CODSITUACAO;
DELTA;SEG_ATENDIMENTO;CODTIPOBLINDAGEM;FK
DELTA;SEG_ATENDIMENTO;CODTIPOCHAMADAMIDIA;FK
DELTA;SEG_ATENDIMENTO;CODTIPODANO;
DELTA;SEG_ATENDIMENTO;CODTIPODANO;FK
DELTA;SEG_ATENDIMENTO;CODTIPOFRANQUIA;FK
DELTA;SEG_ATENDIMENTO;CODTIPOREFATURAMENTO;
DELTA;SEG_ATENDIMENTO;CODTIPORISCO;
DELTA;SEG_ATENDIMENTO;CODTIPORISCO;FK
DELTA;SEG_ATENDIMENTO;CODTIPOSCRIPT;FK
DELTA;SEG_ATENDIMENTO;CODUFSM;
DELTA;SEG_ATENDIMENTO;CODUSUARIO;FK
DELTA;SEG_ATENDIMENTO;CODUSUARIO;
DELTA;SEG_ATENDIMENTO;CODUSUARIOALTERACAO;FK
DELTA;SEG_ATENDIMENTO;CODUSUARIOCANCELAMENTO;
DELTA;SEG_ATENDIMENTO;CODUSUARIOCOMPRADOR;FK
DELTA;SEG_ATENDIMENTO;CODUSUARIOREPARO;FK
DELTA;SEG_ATENDIMENTO;CODUSUPREATENDIMENTO;
DELTA;SEG_ATENDIMENTO;CODZONA;FK
DELTA;SEG_ATENDIMENTO;CODZONARJSP;FK
DELTA;SEG_ATENDIMENTO;DATACEITAREPARO;
DELTA;SEG_ATENDIMENTO;DATAGENDAMENTOSERVICO;
DELTA;SEG_ATENDIMENTO;DATCANCELAMENTO;
DELTA;SEG_ATENDIMENTO;DATCARGAAPOLICE;
DELTA;SEG_ATENDIMENTO;DATDESCANCELAMENTO;
DELTA;SEG_ATENDIMENTO;DATFIMVIGENCIAAPOLICE;
DELTA;SEG_ATENDIMENTO;DATFINAL;
DELTA;SEG_ATENDIMENTO;DATINICIAL;
DELTA;SEG_ATENDIMENTO;DATINICIOCOMPRA;
DELTA;SEG_ATENDIMENTO;DATINICIOVIGENCIAAPOLICE;
DELTA;SEG_ATENDIMENTO;DATOCORRENCIAQUEBRA;
DELTA;SEG_ATENDIMENTO;DATRETPREATENDIMENTO;
DELTA;SEG_ATENDIMENTO;DSCAVALIACAODANO;
DELTA;SEG_ATENDIMENTO;DSCBAIRRORESIDE;
DELTA;SEG_ATENDIMENTO;DSCBAIRROTRABALHO;
DELTA;SEG_ATENDIMENTO;DSCBLOQUEIO;
DELTA;SEG_ATENDIMENTO;DSCCPFSEGURADO;
DELTA;SEG_ATENDIMENTO;DSCCPFSOLICITANTE;
DELTA;SEG_ATENDIMENTO;DSCEMAILSEGURADO;
DELTA;SEG_ATENDIMENTO;DSCEMAILTITULARAPOLICE;
DELTA;SEG_ATENDIMENTO;DSCHASHATENDIMENTO;
DELTA;SEG_ATENDIMENTO;DSCLOJA;
DELTA;SEG_ATENDIMENTO;DSCMOTIVORECUSAENVIODIRETO;
DELTA;SEG_ATENDIMENTO;DSCNOMESOCIAL;
DELTA;SEG_ATENDIMENTO;DSCPLACA;
DELTA;SEG_ATENDIMENTO;DSCPLACAINFORMADA;
DELTA;SEG_ATENDIMENTO;DSCREGIAORISCO;
DELTA;SEG_ATENDIMENTO;DSCVEICULOCONFIRMADO;
DELTA;SEG_ATENDIMENTO;HORASINISTRO;
DELTA;SEG_ATENDIMENTO;IDTACEITAINDICLOJAS;
DELTA;SEG_ATENDIMENTO;IDTACEITAREPARO;
DELTA;SEG_ATENDIMENTO;IDTACEITASERVICOMOVEL;
DELTA;SEG_ATENDIMENTO;IDTACEITASMS;
DELTA;SEG_ATENDIMENTO;IDTACEITAWHATSAPP;
DELTA;SEG_ATENDIMENTO;IDTAPOLICEPREATRECENTE;
DELTA;SEG_ATENDIMENTO;IDTATENDIMENTONOVO;
DELTA;SEG_ATENDIMENTO;IDTAVALIACAODANO;
DELTA;SEG_ATENDIMENTO;IDTBLINDADO;
DELTA;SEG_ATENDIMENTO;IDTBLOQUEADO;
DELTA;SEG_ATENDIMENTO;IDTBO;
DELTA;SEG_ATENDIMENTO;IDTCANCELADO;
DELTA;SEG_ATENDIMENTO;IDTCLIENTEVIP;
DELTA;SEG_ATENDIMENTO;IDTCULPADO;
DELTA;SEG_ATENDIMENTO;IDTEMAILPREATENVIADO;
DELTA;SEG_ATENDIMENTO;IDTEMAILREEMBOLSO;
DELTA;SEG_ATENDIMENTO;IDTENCOMENDACREDENCIADO;
DELTA;SEG_ATENDIMENTO;IDTENVIAEMAILPA;
DELTA;SEG_ATENDIMENTO;IDTENVIODIRETO;
DELTA;SEG_ATENDIMENTO;IDTEVENTOCOMPOSTO;
DELTA;SEG_ATENDIMENTO;IDTLIVREESCOLHA;
DELTA;SEG_ATENDIMENTO;IDTLOGOMARCA;
DELTA;SEG_ATENDIMENTO;IDTLOJA;
DELTA;SEG_ATENDIMENTO;IDTMAPEAMENTONOVO;
DELTA;SEG_ATENDIMENTO;IDTORDEMREEMBOLSO;
DELTA;SEG_ATENDIMENTO;IDTPAENVIADAREEMBOLSO;
DELTA;SEG_ATENDIMENTO;IDTPECAINDISPONIVEL;
DELTA;SEG_ATENDIMENTO;IDTPENDENTE;
DELTA;SEG_ATENDIMENTO;IDTPERIMETRODANO;
DELTA;SEG_ATENDIMENTO;IDTPINTURA;
DELTA;SEG_ATENDIMENTO;IDTPINTURA;
DELTA;SEG_ATENDIMENTO;IDTPOLIDORFAROL;
DELTA;SEG_ATENDIMENTO;IDTPREATENDIMENTO;
DELTA;SEG_ATENDIMENTO;IDTRECEBEEMAILACOMPANHAMENTO;
DELTA;SEG_ATENDIMENTO;IDTRECEBEREMAIL;
DELTA;SEG_ATENDIMENTO;IDTRESSARCIMENTO;
DELTA;SEG_ATENDIMENTO;IDTRETORNO;
DELTA;SEG_ATENDIMENTO;IDTSEGURADONALOJA;
DELTA;SEG_ATENDIMENTO;IDTSITPREATENDIMENTO;
DELTA;SEG_ATENDIMENTO;IDTSMSAGENDAENVIADO;
DELTA;SEG_ATENDIMENTO;IDTTIPOATENDIMENTO;
DELTA;SEG_ATENDIMENTO;IDTTIPOCEPSM;
DELTA;SEG_ATENDIMENTO;IDTTIPOCONTRATANTE;
DELTA;SEG_ATENDIMENTO;IDTTIPORELACAO;
DELTA;SEG_ATENDIMENTO;IDTVISTORIAMOBILE;
DELTA;SEG_ATENDIMENTO;NOMCONTATO;
DELTA;SEG_ATENDIMENTO;NOMSEGURADO;
DELTA;SEG_ATENDIMENTO;NUMANOFABRICACAO;
DELTA;SEG_ATENDIMENTO;NUMANOMODELO;
DELTA;SEG_ATENDIMENTO;NUMAPOLICE;
DELTA;SEG_ATENDIMENTO;NUMAPOLICEPREAT;
DELTA;SEG_ATENDIMENTO;NUMCHASSIS;
DELTA;SEG_ATENDIMENTO;NUMPROPOSTAPREAT;
DELTA;SEG_ATENDIMENTO;NUMPROTOCOLO;
DELTA;SEG_ATENDIMENTO;NUMPROTOCOLOWEB;
DELTA;SEG_ATENDIMENTO;OBSATENDIMENTO;
DELTA;SEG_ATENDIMENTO;OBSCANCELAMENTO;
DELTA;SEG_ATENDIMENTO;VALFRANQUIA;
DELTA;SEG_ATENDIMENTOWEB;CODANEXO;
DELTA;SEG_ATENDIMENTOWEB;CODCIDADE;
DELTA;SEG_ATENDIMENTOWEB;CODCONTRATO;
DELTA;SEG_ATENDIMENTOWEB;CODEXTERNO;
DELTA;SEG_ATENDIMENTOWEB;CODGRUPOSEGURADORA;
DELTA;SEG_ATENDIMENTOWEB;CODITEM;
DELTA;SEG_ATENDIMENTOWEB;CODOBJETOCAUSA;
DELTA;SEG_ATENDIMENTOWEB;CODSCRIPT;
DELTA;SEG_ATENDIMENTOWEB;CODSEGURADORA;
DELTA;SEG_ATENDIMENTOWEB;CODSITUACAO;
DELTA;SEG_ATENDIMENTOWEB;CODTIPODANO;
DELTA;SEG_ATENDIMENTOWEB;CODTIPOFRANQUIA;
DELTA;SEG_ATENDIMENTOWEB;CODTIPORISCO;
DELTA;SEG_ATENDIMENTOWEB;CODTIPOSCRIPT;
DELTA;SEG_ATENDIMENTOWEB;CODTIPOTELEFONETEMP;
DELTA;SEG_ATENDIMENTOWEB;CODUSUARIO;
DELTA;SEG_ATENDIMENTOWEB;CODZONA;
DELTA;SEG_ATENDIMENTOWEB;DATCANCELAMENTO;
DELTA;SEG_ATENDIMENTOWEB;DATCARGAAPOLICE;
DELTA;SEG_ATENDIMENTOWEB;DATFIMVIGENCIAAPOLICE;
DELTA;SEG_ATENDIMENTOWEB;DATFINAL;
DELTA;SEG_ATENDIMENTOWEB;DATINICIAL;
DELTA;SEG_ATENDIMENTOWEB;DATINICIOVIGENCIAAPOLICE;
DELTA;SEG_ATENDIMENTOWEB;DATOCORRENCIAQUEBRA;
DELTA;SEG_ATENDIMENTOWEB;DSCAVALIACAODANO;
DELTA;SEG_ATENDIMENTOWEB;DSCBAIRRORESIDE;
DELTA;SEG_ATENDIMENTOWEB;DSCBAIRROTRABALHO;
DELTA;SEG_ATENDIMENTOWEB;DSCBLOQUEIO;
DELTA;SEG_ATENDIMENTOWEB;DSCCPFSEGURADO;
DELTA;SEG_ATENDIMENTOWEB;DSCCPFSOLICITANTE;
DELTA;SEG_ATENDIMENTOWEB;DSCEMAILSEGURADO;
DELTA;SEG_ATENDIMENTOWEB;DSCEMAILTITULARAPOLICE;
DELTA;SEG_ATENDIMENTOWEB;DSCIPATENDIMENTO;
DELTA;SEG_ATENDIMENTOWEB;DSCNOMESOCIAL;
DELTA;SEG_ATENDIMENTOWEB;DSCORIGEMATENDIMENTO;
DELTA;SEG_ATENDIMENTOWEB;DSCPLACA;
DELTA;SEG_ATENDIMENTOWEB;DSCPLACAINFORMADA;
DELTA;SEG_ATENDIMENTOWEB;DSCREGIAORISCO;
DELTA;SEG_ATENDIMENTOWEB;DSCTELEFONETEMP;
DELTA;SEG_ATENDIMENTOWEB;DSCVEICULOCONFIRMADO;
DELTA;SEG_ATENDIMENTOWEB;HORASINISTRO;
DELTA;SEG_ATENDIMENTOWEB;IDTACEITAREPARO;
DELTA;SEG_ATENDIMENTOWEB;IDTACEITASMS;
DELTA;SEG_ATENDIMENTOWEB;IDTACEITAWHATSAPP;
DELTA;SEG_ATENDIMENTOWEB;IDTBLINDADO;
DELTA;SEG_ATENDIMENTOWEB;IDTBLOQUEADO;
DELTA;SEG_ATENDIMENTOWEB;IDTBO;
DELTA;SEG_ATENDIMENTOWEB;IDTCANCELADO;
DELTA;SEG_ATENDIMENTOWEB;IDTCULPADO;
DELTA;SEG_ATENDIMENTOWEB;IDTEMAILCORRETOR;
DELTA;SEG_ATENDIMENTOWEB;IDTERRO;
DELTA;SEG_ATENDIMENTOWEB;IDTEVENTOCOMPOSTO;
DELTA;SEG_ATENDIMENTOWEB;IDTEXPORTAR;
DELTA;SEG_ATENDIMENTOWEB;IDTITEMREMOVIDO;
DELTA;SEG_ATENDIMENTOWEB;IDTLIVREESCOLHA;
DELTA;SEG_ATENDIMENTOWEB;IDTLOGOMARCA;
DELTA;SEG_ATENDIMENTOWEB;IDTMAPEAMENTONOVO;
DELTA;SEG_ATENDIMENTOWEB;IDTORDEMREEMBOLSO;
DELTA;SEG_ATENDIMENTOWEB;IDTPASSO;
DELTA;SEG_ATENDIMENTOWEB;IDTPENDENTE;
DELTA;SEG_ATENDIMENTOWEB;IDTPERIMETRODANO;
DELTA;SEG_ATENDIMENTOWEB;IDTPOLIDORFAROL;
DELTA;SEG_ATENDIMENTOWEB;IDTRECEBEREMAIL;
DELTA;SEG_ATENDIMENTOWEB;IDTREQUERFRANQUIA;
DELTA;SEG_ATENDIMENTOWEB;IDTRESSARCIMENTO;
DELTA;SEG_ATENDIMENTOWEB;IDTTIPOATENDIMENTO;
DELTA;SEG_ATENDIMENTOWEB;IDTTIPORELACAO;
DELTA;SEG_ATENDIMENTOWEB;MOTIVOCANCELAMENTO;
DELTA;SEG_ATENDIMENTOWEB;NOMCONTATO;
DELTA;SEG_ATENDIMENTOWEB;NOMSEGURADO;
DELTA;SEG_ATENDIMENTOWEB;NUMANOFABRICACAO;
DELTA;SEG_ATENDIMENTOWEB;NUMANOMODELO;
DELTA;SEG_ATENDIMENTOWEB;NUMAPOLICE;
DELTA;SEG_ATENDIMENTOWEB;NUMCHASSIS;
DELTA;SEG_ATENDIMENTOWEB;NUMPROTOCOLOWEB;PK
DELTA;SEG_ATENDIMENTOWEB;NUMPROTOCOLOWEB;
DELTA;SEG_ATENDIMENTOWEB;OBSATENDIMENTO;
DELTA;SEG_ATENDIMENTOWEB;VALFRANQUIA;
DELTA;SEG_DADOSOCORRENCIA;CODANEXO;FK
DELTA;SEG_DADOSOCORRENCIA;CODATENDIMENTO;
DELTA;SEG_DADOSOCORRENCIA;CODCATEGORIA;
DELTA;SEG_DADOSOCORRENCIA;CODCATEGORIASUSEP;
DELTA;SEG_DADOSOCORRENCIA;CODCIDADE;FK
DELTA;SEG_DADOSOCORRENCIA;CODCLAUSULA;
DELTA;SEG_DADOSOCORRENCIA;CODCOBERTURA;
DELTA;SEG_DADOSOCORRENCIA;CODCONTRATO;FK
DELTA;SEG_DADOSOCORRENCIA;CODCONTRATO;
DELTA;SEG_DADOSOCORRENCIA;CODCONVENIO;
DELTA;SEG_DADOSOCORRENCIA;CODCORRETOR;
DELTA;SEG_DADOSOCORRENCIA;CODEXTERNO;FK
DELTA;SEG_DADOSOCORRENCIA;CODGRUPOSEGURADORA;FK
DELTA;SEG_DADOSOCORRENCIA;CODITEM;
DELTA;SEG_DADOSOCORRENCIA;CODORDEMSERVICO;
DELTA;SEG_DADOSOCORRENCIA;CODPLANO;
DELTA;SEG_DADOSOCORRENCIA;CODPRODUTO;
DELTA;SEG_DADOSOCORRENCIA;CODRAMO;
DELTA;SEG_DADOSOCORRENCIA;CODREGIAORISC;
DELTA;SEG_DADOSOCORRENCIA;CODREPARO;FK
DELTA;SEG_DADOSOCORRENCIA;CODSCRIPT;FK
DELTA;SEG_DADOSOCORRENCIA;CODSEGURADORA;FK
DELTA;SEG_DADOSOCORRENCIA;CODSEGURADORA;FK
DELTA;SEG_DADOSOCORRENCIA;CODSEGURADORA;
DELTA;SEG_DADOSOCORRENCIA;CODSEGURADORA;FK
DELTA;SEG_DADOSOCORRENCIA;CODSUCURSAL;
DELTA;SEG_DADOSOCORRENCIA;CODTIPORELATORIO;FK
DELTA;SEG_DADOSOCORRENCIA;CODTIPORISCO;FK
DELTA;SEG_DADOSOCORRENCIA;CODTIPOSCRIPT;FK
DELTA;SEG_DADOSOCORRENCIA;CODUFREALIZACAO;
DELTA;SEG_DADOSOCORRENCIA;CODUFREGIAORISCO;
DELTA;SEG_DADOSOCORRENCIA;CODUFSERVICO;
DELTA;SEG_DADOSOCORRENCIA;CODVEICULOFIPE;
DELTA;SEG_DADOSOCORRENCIA;DATAGENDAMENTO;
DELTA;SEG_DADOSOCORRENCIA;DATAREALIZACAOOS;
DELTA;SEG_DADOSOCORRENCIA;DATATENDIMENTO;
DELTA;SEG_DADOSOCORRENCIA;DATCANCELAMENTO;
DELTA;SEG_DADOSOCORRENCIA;DATCRIACAOOS;
DELTA;SEG_DADOSOCORRENCIA;DATEMISSAO;
DELTA;SEG_DADOSOCORRENCIA;DATFIMVIGENCIAAPOLICE;
DELTA;SEG_DADOSOCORRENCIA;DATFINALIZACAOSERVICO;
DELTA;SEG_DADOSOCORRENCIA;DATINCLUSAOAGENDAMENTO;
DELTA;SEG_DADOSOCORRENCIA;DATINICIAL;
DELTA;SEG_DADOSOCORRENCIA;DATINICIOVIGENCIAAPOLICE;
DELTA;SEG_DADOSOCORRENCIA;DATNASCIMENTO;
DELTA;SEG_DADOSOCORRENCIA;DATOCORRENCIAQUEBRA;
DELTA;SEG_DADOSOCORRENCIA;DATPESQUISA;
DELTA;SEG_DADOSOCORRENCIA;DATREALIZACAOOS;
DELTA;SEG_DADOSOCORRENCIA;DATREFERENCIA;
DELTA;SEG_DADOSOCORRENCIA;DATREFERENCIACIA;
DELTA;SEG_DADOSOCORRENCIA;DATREFERENCIAFINAL;
DELTA;SEG_DADOSOCORRENCIA;DATREFERENCIAINICIAL;
DELTA;SEG_DADOSOCORRENCIA;DATREGISTRO;
DELTA;SEG_DADOSOCORRENCIA;DATSERVICO;
DELTA;SEG_DADOSOCORRENCIA;DSCAGENDADOVIA;
DELTA;SEG_DADOSOCORRENCIA;DSCCEP;
DELTA;SEG_DADOSOCORRENCIA;DSCCIDADE;
DELTA;SEG_DADOSOCORRENCIA;DSCCIDADECLIENTE;
DELTA;SEG_DADOSOCORRENCIA;DSCCIDADESEG;
DELTA;SEG_DADOSOCORRENCIA;DSCCIDADESERVICO;
DELTA;SEG_DADOSOCORRENCIA;DSCCLASSIFICASCRIPT;
DELTA;SEG_DADOSOCORRENCIA;DSCCOBERTURA;
DELTA;SEG_DADOSOCORRENCIA;DSCCOMPLEMENTO;
DELTA;SEG_DADOSOCORRENCIA;DSCCONTRATO;
DELTA;SEG_DADOSOCORRENCIA;DSCCORRETOR;
DELTA;SEG_DADOSOCORRENCIA;DSCCPFCNPJ;
DELTA;SEG_DADOSOCORRENCIA;DSCEMAILSEGURADO;
DELTA;SEG_DADOSOCORRENCIA;DSCENDERECOSERVICO;
DELTA;SEG_DADOSOCORRENCIA;DSCLOGRADOURO;
DELTA;SEG_DADOSOCORRENCIA;DSCMONTADORAFAMILIA;
DELTA;SEG_DADOSOCORRENCIA;DSCOBJETOCAUSA;
DELTA;SEG_DADOSOCORRENCIA;DSCPLACA;
DELTA;SEG_DADOSOCORRENCIA;DSCPONTOFIXO;
DELTA;SEG_DADOSOCORRENCIA;DSCREGIAORISCO;
DELTA;SEG_DADOSOCORRENCIA;DSCSCRIPT;
DELTA;SEG_DADOSOCORRENCIA;DSCSEGURADORA;
DELTA;SEG_DADOSOCORRENCIA;DSCSUCURSAL;
DELTA;SEG_DADOSOCORRENCIA;DSCTIPOVISTORIA;
DELTA;SEG_DADOSOCORRENCIA;DSCUF;
DELTA;SEG_DADOSOCORRENCIA;DSCUFSEG;
DELTA;SEG_DADOSOCORRENCIA;DSCVEICULO;
DELTA;SEG_DADOSOCORRENCIA;HORAGENDAMENTO;
DELTA;SEG_DADOSOCORRENCIA;HORAINCLUSAOAGENDAMENTO;
DELTA;SEG_DADOSOCORRENCIA;HORAINICIAL;
DELTA;SEG_DADOSOCORRENCIA;IDTATTWEB;
DELTA;SEG_DADOSOCORRENCIA;IDTBLANKET;
DELTA;SEG_DADOSOCORRENCIA;IDTCANCELADO;
DELTA;SEG_DADOSOCORRENCIA;IDTCONSIDERADO;
DELTA;SEG_DADOSOCORRENCIA;IDTDATREFERENCIA;
DELTA;SEG_DADOSOCORRENCIA;IDTENVIADOCOMPANHIA;
DELTA;SEG_DADOSOCORRENCIA;IDTFROTA;
DELTA;SEG_DADOSOCORRENCIA;IDTLOJA;
DELTA;SEG_DADOSOCORRENCIA;IDTORIGEM;
DELTA;SEG_DADOSOCORRENCIA;IDTPOLIDORFAROL;
DELTA;SEG_DADOSOCORRENCIA;IDTREEMBOLSO;
DELTA;SEG_DADOSOCORRENCIA;IDTREPARO;
DELTA;SEG_DADOSOCORRENCIA;IDTSERVICO;
DELTA;SEG_DADOSOCORRENCIA;IDTSEXO;
DELTA;SEG_DADOSOCORRENCIA;IDTSTADUSATT;
DELTA;SEG_DADOSOCORRENCIA;IDTTIPOCONSULTA;
DELTA;SEG_DADOSOCORRENCIA;IDTTIPOPESSOA;
DELTA;SEG_DADOSOCORRENCIA;IDTTIPORELACAO;
DELTA;SEG_DADOSOCORRENCIA;IDTVEICULORESTRITO;
DELTA;SEG_DADOSOCORRENCIA;NOMCLIENTE;
DELTA;SEG_DADOSOCORRENCIA;NOMSEGURADO;
DELTA;SEG_DADOSOCORRENCIA;NUMANOFABRICACAO;
DELTA;SEG_DADOSOCORRENCIA;NUMANOMODELO;
DELTA;SEG_DADOSOCORRENCIA;NUMAPOLICE;
DELTA;SEG_DADOSOCORRENCIA;NUMCHASSIS;
DELTA;SEG_DADOSOCORRENCIA;NUMPROTOCOLO;
DELTA;SEG_DADOSOCORRENCIA;NUMTELEFONEAPOLICE;
DELTA;SEG_DADOSOCORRENCIA;NUMTELEFONEATT;
DELTA;SEG_DADOSOCORRENCIA;SERVICOMOVEL;
DELTA;SEG_PRODUTOGRUPOSCRIPT;CODGRUPO;PK
DELTA;SEG_PRODUTOGRUPOSCRIPT;CODGRUPO;
DELTA;SEG_PRODUTOGRUPOSCRIPT;CODGRUPO;FK
DELTA;SEG_PRODUTOGRUPOSCRIPT;CODSCRIPT;
DELTA;SEG_PRODUTOGRUPOSCRIPT;CODSCRIPT;PK
DELTA;SEG_PRODUTOGRUPOSCRIPT;CODSCRIPT;FK
DELTA;SEG_PRODUTOGRUPOSCRIPT;CODTIPOSCRIPT;FK
DELTA;SEG_PRODUTOGRUPOSCRIPT;CODTIPOSCRIPT;
DELTA;SEG_PRODUTOGRUPOSCRIPT;CODTIPOSCRIPT;PK
DELTA;SEG_PRODUTOGRUPOSCRIPTSEG;CODGRUPO;FK
DELTA;SEG_PRODUTOGRUPOSCRIPTSEG;CODGRUPO;PK
DELTA;SEG_PRODUTOGRUPOSCRIPTSEG;CODGRUPO;
DELTA;SEG_PRODUTOGRUPOSCRIPTSEG;CODSCRIPT;PK
DELTA;SEG_PRODUTOGRUPOSCRIPTSEG;CODSCRIPT;FK
DELTA;SEG_PRODUTOGRUPOSCRIPTSEG;CODSCRIPT;
DELTA;SEG_PRODUTOGRUPOSCRIPTSEG;CODTIPOSCRIPT;FK
DELTA;SEG_PRODUTOGRUPOSCRIPTSEG;CODTIPOSCRIPT;PK
DELTA;SEG_PRODUTOGRUPOSCRIPTSEG;CODTIPOSCRIPT;
FATSEG;FECHAMENTODETALHEGRUPOHDI;ALTERACAO;
FATSEG;FECHAMENTODETALHEGRUPOHDI;ANEXO;
FATSEG;FECHAMENTODETALHEGRUPOHDI;APOLICE;
FATSEG;FECHAMENTODETALHEGRUPOHDI;APOLICE;
FATSEG;FECHAMENTODETALHEGRUPOHDI;BLINDADO;
FATSEG;FECHAMENTODETALHEGRUPOHDI;CANCELAMENTO;
FATSEG;FECHAMENTODETALHEGRUPOHDI;CARGA;
FATSEG;FECHAMENTODETALHEGRUPOHDI;CATEGORIAPRESTADOR;
FATSEG;FECHAMENTODETALHEGRUPOHDI;CHASSIS;
FATSEG;FECHAMENTODETALHEGRUPOHDI;COBERTURA;
FATSEG;FECHAMENTODETALHEGRUPOHDI;CODIGOEXTERNO;
FATSEG;FECHAMENTODETALHEGRUPOHDI;CONTRATO;
FATSEG;FECHAMENTODETALHEGRUPOHDI;DESCRICAOANEXO;
FATSEG;FECHAMENTODETALHEGRUPOHDI;DESCRICAOCONTRATO;
FATSEG;FECHAMENTODETALHEGRUPOHDI;DIVERGENCIA;
FATSEG;FECHAMENTODETALHEGRUPOHDI;FECHAMENTO;
FATSEG;FECHAMENTODETALHEGRUPOHDI;FECHAMENTO;
FATSEG;FECHAMENTODETALHEGRUPOHDI;FIMVIGENCIA;
FATSEG;FECHAMENTODETALHEGRUPOHDI;FIMVIGENCIAORIGINAL;
FATSEG;FECHAMENTODETALHEGRUPOHDI;ID;PK
FATSEG;FECHAMENTODETALHEGRUPOHDI;ID;
FATSEG;FECHAMENTODETALHEGRUPOHDI;IDFATURA;FK
FATSEG;FECHAMENTODETALHEGRUPOHDI;IDFATURAFECHAMENTO;FK
FATSEG;FECHAMENTODETALHEGRUPOHDI;INICIOVIGENCIA;
FATSEG;FECHAMENTODETALHEGRUPOHDI;INICIOVIGENCIAORIGINAL;
FATSEG;FECHAMENTODETALHEGRUPOHDI;ITEM;
FATSEG;FECHAMENTODETALHEGRUPOHDI;ITEM;
FATSEG;FECHAMENTODETALHEGRUPOHDI;LOGOMARCA;
FATSEG;FECHAMENTODETALHEGRUPOHDI;PARCELA;
FATSEG;FECHAMENTODETALHEGRUPOHDI;PLACA;
FATSEG;FECHAMENTODETALHEGRUPOHDI;PRODUTO;
FATSEG;FECHAMENTODETALHEGRUPOHDI;RAMO;
FATSEG;FECHAMENTODETALHEGRUPOHDI;REFERENCIAARQUIVO;
FATSEG;FECHAMENTODETALHEGRUPOHDI;REFERENCIACIA;
FATSEG;FECHAMENTODETALHEGRUPOHDI;SEGURADO;
FATSEG;FECHAMENTODETALHEGRUPOHDI;SEGURADORA;
FATSEG;FECHAMENTODETALHEGRUPOHDI;SEGURADORA;
FATSEG;FECHAMENTODETALHEGRUPOHDI;SINCRONIZACAO;
FATSEG;FECHAMENTODETALHEGRUPOHDI;TIPOCONTRATO;
FATSEG;FECHAMENTODETALHEGRUPOHDI;UF;
FATSEG;FECHAMENTODETALHEGRUPOHDI;UFRISCO;
FATSEG;FECHAMENTODETALHEGRUPOHDI;VALORCOBRADO;
FATSEG;FECHAMENTODETALHEGRUPOHDI;VEICULO;
FATSEG;FECHAMENTODETALHELIBERTY;ALTERACAO;
FATSEG;FECHAMENTODETALHELIBERTY;ANEXO;
FATSEG;FECHAMENTODETALHELIBERTY;APOLICE;
FATSEG;FECHAMENTODETALHELIBERTY;APOLICE;
FATSEG;FECHAMENTODETALHELIBERTY;CANCELAMENTO;
FATSEG;FECHAMENTODETALHELIBERTY;CARGA;
FATSEG;FECHAMENTODETALHELIBERTY;CATEGORIAVEICULO;
FATSEG;FECHAMENTODETALHELIBERTY;CHASSIS;
FATSEG;FECHAMENTODETALHELIBERTY;CIDADE;
FATSEG;FECHAMENTODETALHELIBERTY;COBERTURA;
FATSEG;FECHAMENTODETALHELIBERTY;COBERTURARAF;
FATSEG;FECHAMENTODETALHELIBERTY;CODIGOEXTERNO;
FATSEG;FECHAMENTODETALHELIBERTY;CODIGOFIPE;
FATSEG;FECHAMENTODETALHELIBERTY;CONTRATO;
FATSEG;FECHAMENTODETALHELIBERTY;DESCRICAOANEXO;
FATSEG;FECHAMENTODETALHELIBERTY;DESCRICAOCONTRATO;
FATSEG;FECHAMENTODETALHELIBERTY;DIVERGENCIA;
FATSEG;FECHAMENTODETALHELIBERTY;FECHAMENTO;
FATSEG;FECHAMENTODETALHELIBERTY;FECHAMENTO;
FATSEG;FECHAMENTODETALHELIBERTY;FIMVIGENCIA;
FATSEG;FECHAMENTODETALHELIBERTY;FIMVIGENCIAORIGINAL;
FATSEG;FECHAMENTODETALHELIBERTY;ID;
FATSEG;FECHAMENTODETALHELIBERTY;ID;PK
FATSEG;FECHAMENTODETALHELIBERTY;IDFATURA;FK
FATSEG;FECHAMENTODETALHELIBERTY;IDFATURA;
FATSEG;FECHAMENTODETALHELIBERTY;IDFATURAFECHAMENTO;
FATSEG;FECHAMENTODETALHELIBERTY;IDFATURAFECHAMENTO;FK
FATSEG;FECHAMENTODETALHELIBERTY;INICIOVIGENCIA;
FATSEG;FECHAMENTODETALHELIBERTY;INICIOVIGENCIAORIGINAL;
FATSEG;FECHAMENTODETALHELIBERTY;ITEM;
FATSEG;FECHAMENTODETALHELIBERTY;ITEM;
FATSEG;FECHAMENTODETALHELIBERTY;ITEMANTERIOR;
FATSEG;FECHAMENTODETALHELIBERTY;PARCELA;
FATSEG;FECHAMENTODETALHELIBERTY;PLACA;
FATSEG;FECHAMENTODETALHELIBERTY;PLANO;
FATSEG;FECHAMENTODETALHELIBERTY;PRODUTO;
FATSEG;FECHAMENTODETALHELIBERTY;REFERENCIACIA;
FATSEG;FECHAMENTODETALHELIBERTY;REGIAORISCO;
FATSEG;FECHAMENTODETALHELIBERTY;SEGURADO;
FATSEG;FECHAMENTODETALHELIBERTY;SEGURADORA;
FATSEG;FECHAMENTODETALHELIBERTY;SEGURADORA;
FATSEG;FECHAMENTODETALHELIBERTY;TIPOCONTRATO;
FATSEG;FECHAMENTODETALHELIBERTY;UF;
FATSEG;FECHAMENTODETALHELIBERTY;VALORCOBRADO;
FATSEG;FECHAMENTODETALHELIBERTY;VEICULO;
FATSEG;FECHAMENTODETALHETOKIO;ALTERACAO;
FATSEG;FECHAMENTODETALHETOKIO;ANEXO;
FATSEG;FECHAMENTODETALHETOKIO;APOLICE;
FATSEG;FECHAMENTODETALHETOKIO;APOLICE;
FATSEG;FECHAMENTODETALHETOKIO;BLINDADO;
FATSEG;FECHAMENTODETALHETOKIO;CANCELAMENTO;
FATSEG;FECHAMENTODETALHETOKIO;CARGA;
FATSEG;FECHAMENTODETALHETOKIO;CHASSIS;
FATSEG;FECHAMENTODETALHETOKIO;CODIGOEXTERNO;
FATSEG;FECHAMENTODETALHETOKIO;CONTRATO;
FATSEG;FECHAMENTODETALHETOKIO;DESCRICAOANEXO;
FATSEG;FECHAMENTODETALHETOKIO;DESCRICAOANEXOORIGINAL;
FATSEG;FECHAMENTODETALHETOKIO;DESCRICAOCONTRATO;
FATSEG;FECHAMENTODETALHETOKIO;DESCRICAOGRUPOVIDRO;
FATSEG;FECHAMENTODETALHETOKIO;DESCRICAOPLANO;
FATSEG;FECHAMENTODETALHETOKIO;DIVERGENCIA;
FATSEG;FECHAMENTODETALHETOKIO;FECHAMENTO;
FATSEG;FECHAMENTODETALHETOKIO;FECHAMENTO;
FATSEG;FECHAMENTODETALHETOKIO;FIMVIGENCIA;
FATSEG;FECHAMENTODETALHETOKIO;FIMVIGENCIAORIGINAL;
FATSEG;FECHAMENTODETALHETOKIO;ID;PK
FATSEG;FECHAMENTODETALHETOKIO;ID;
FATSEG;FECHAMENTODETALHETOKIO;IDFATURA;FK
FATSEG;FECHAMENTODETALHETOKIO;IDFATURAFECHAMENTO;FK
FATSEG;FECHAMENTODETALHETOKIO;IMPORTACAOFULL;
FATSEG;FECHAMENTODETALHETOKIO;INICIOVIGENCIA;
FATSEG;FECHAMENTODETALHETOKIO;INICIOVIGENCIAORIGINAL;
FATSEG;FECHAMENTODETALHETOKIO;ITEM;
FATSEG;FECHAMENTODETALHETOKIO;ITEM;
FATSEG;FECHAMENTODETALHETOKIO;LOGOMARCA;
FATSEG;FECHAMENTODETALHETOKIO;NUMEROENDOSSO;
FATSEG;FECHAMENTODETALHETOKIO;PARCELA;
FATSEG;FECHAMENTODETALHETOKIO;PLACA;
FATSEG;FECHAMENTODETALHETOKIO;PLANO;
FATSEG;FECHAMENTODETALHETOKIO;PRODUTO;
FATSEG;FECHAMENTODETALHETOKIO;REATIVACAO;
FATSEG;FECHAMENTODETALHETOKIO;REFERENCIAARQUIVO;
FATSEG;FECHAMENTODETALHETOKIO;REFERENCIACIA;
FATSEG;FECHAMENTODETALHETOKIO;SEGURADO;
FATSEG;FECHAMENTODETALHETOKIO;SEGURADORA;
FATSEG;FECHAMENTODETALHETOKIO;SEGURADORA;
FATSEG;FECHAMENTODETALHETOKIO;SINCRONIZACAO;
FATSEG;FECHAMENTODETALHETOKIO;TIPOCONTRATO;
FATSEG;FECHAMENTODETALHETOKIO;TIPOPESSOA;
FATSEG;FECHAMENTODETALHETOKIO;UF;
FATSEG;FECHAMENTODETALHETOKIO;VALORCOBRADO;
FATSEG;FECHAMENTODETALHETOKIO;VALORCOBRADOORIGINAL;
FATSEG;FECHAMENTODETALHETOKIO;VALORFRANQUIAPARACHOQUE;
FATSEG;FECHAMENTODETALHETOKIO;VEICULO;
DELTA;GEN_GRUPOVEICULO;CODGRUPOVEICULO;PK
DELTA;GEN_GRUPOVEICULO;CODGRUPOVEICULO;
DELTA;GEN_GRUPOVEICULO;CODUSUARIOCRIACAO;
DELTA;GEN_GRUPOVEICULO;DATCRIACAO;
DELTA;GEN_GRUPOVEICULO;DSCGRUPOVEICULO;
DELTA;GEN_GRUPOVEICULO;DSCOBSERVACAO;
DELTA;GEN_GRUPOVEICULO;IDTSTATUS;
DELTA;GEN_MODELOVEICULO;CODCATEGORIA;
DELTA;GEN_MODELOVEICULO;CODGRUPOVEICULO;FK
DELTA;GEN_MODELOVEICULO;CODMODELOREFERENCIA;
DELTA;GEN_MODELOVEICULO;CODMODELOVEICULO;
DELTA;GEN_MODELOVEICULO;CODMODELOVEICULO;PK
DELTA;GEN_MODELOVEICULO;CODUSUARIOCLASSIFICACAOGRUPO;FK
DELTA;GEN_MODELOVEICULO;CODUSUARIOCLASSIFICACAOGRUPO;
DELTA;GEN_MODELOVEICULO;DATCRIACAO;
DELTA;GEN_MODELOVEICULO;DATULTIMAALTERACAO;
DELTA;GEN_MODELOVEICULO;DSCCATEGORIA;
DELTA;GEN_MODELOVEICULO;DSCCOMBUSTIVEL;
DELTA;GEN_MODELOVEICULO;DSCFAMILIA;
DELTA;GEN_MODELOVEICULO;DSCMODELOVEICULO;
DELTA;GEN_MODELOVEICULO;DSCMONTADORA;
DELTA;GEN_MODELOVEICULO;DSCOBSERVACAOCADASTRO;
DELTA;GEN_MODELOVEICULO;DSCORIGEM;
DELTA;GEN_MODELOVEICULO;DSCTIPOCARROCERIA;
DELTA;GEN_MODELOVEICULO;IDTSITUACAO;
DELTA;GEN_MODELOVEICULO;IDTSITUACAO;
DELTA;GEN_MODELOVEICULO;IDTVEICULO;
DELTA;GEN_MODELOVEICULO;NUMANOMODELOFINAL;
DELTA;GEN_MODELOVEICULO;NUMANOMODELOINICIAL;
DELTA;SEG_APOLICESEGURADORA;CODOPERACAONEGOCIO;
DELTA;SEG_APOLICESEGURADORA;CODSEGURADORA;
DELTA;SEG_APOLICESEGURADORA;CODSEGURADORA;FK
DELTA;SEG_APOLICESEGURADORA;CODSEGURADORA;PK
DELTA;SEG_APOLICESEGURADORA;DATULTIMAALTERACAO;
DELTA;SEG_APOLICESEGURADORA;DSCOPERACAONEGOCIO;
DELTA;SEG_APOLICESEGURADORA;LOBCONDICOESPARTICULARES;
DELTA;SEG_APOLICESEGURADORA;NUMAPOLICE;PK
DELTA;SEG_APOLICESEGURADORA;NUMAPOLICE;
DELTA;SEG_APOLICESEGURADORA;NUMAPOLICE;FK
DELTA;SEG_ATENDIMENTOATRIBUTO;CODATENDIMENTO;
DELTA;SEG_ATENDIMENTOATRIBUTO;CODATENDIMENTOATRIBUTO;
DELTA;SEG_ATENDIMENTOATRIBUTO;CODATENDIMENTOATRIBUTO;PK
DELTA;SEG_ATENDIMENTOATRIBUTO;CODATRIBUTO;FK
DELTA;SEG_ATENDIMENTOATRIBUTO;CODATRIBUTO;
DELTA;SEG_ATENDIMENTOATRIBUTO;CODCLIENTE;
DELTA;SEG_ATENDIMENTOATRIBUTO;CODSITUACAO;FK
DELTA;SEG_ATENDIMENTOATRIBUTO;CODSITUACAO;
DELTA;SEG_ATENDIMENTOATRIBUTO;CODUSUARIO;
DELTA;SEG_ATENDIMENTOATRIBUTO;DATCONFIRMACAO;
DELTA;SEG_ATENDIMENTOATRIBUTO;DATREGISTRO;
DELTA;SEG_ATENDIMENTOATRIBUTO;IDTCONFIRMADO;
DELTA;SEG_ATENDIMENTOATRIBUTO;VALATRIBUTO;
DELTA;SEG_ATENDIMENTOFORMALIZADO;CODATENDIMENTO;FK
DELTA;SEG_ATENDIMENTOFORMALIZADO;CODREGISTRO;PK
DELTA;SEG_ATENDIMENTOFORMALIZADO;CODREGISTRO;
DELTA;SEG_ATENDIMENTOFORMALIZADO;CODSCRIPT;
DELTA;SEG_ATENDIMENTOFORMALIZADO;CODTIPOSCRIPT;
DELTA;SEG_ATENDIMENTOFORMALIZADO;DATINCLUSAO;
DELTA;SEG_ATENDIMENTOFORMALIZADO;NUMABA;
DELTA;SEG_ATENDIMENTOFORMALIZADO;NUMAPOLICE;
DELTA;SEG_ATENDIMENTOFORMALIZADO;NUMCHASSIS;
DELTA;SEG_ATENDIMENTOFORMALIZADO;NUMPLACA;
DELTA;SEG_ATENDIMENTOHISTORICO;CODATENDIMENTO;
DELTA;SEG_ATENDIMENTOHISTORICO;CODREGISTRO;PK
DELTA;SEG_ATENDIMENTOHISTORICO;CODREGISTROHISTORICO;
DELTA;SEG_ATENDIMENTOHISTORICO;DATATUALIZACAO;
DELTA;SEG_CONTRATO;CODCENTROCUSTOMXM;
DELTA;SEG_CONTRATO;CODCONTRATO;PK
DELTA;SEG_CONTRATO;CODCONTRATO;
DELTA;SEG_CONTRATO;CODGRUPOSEGURADORA;FK
DELTA;SEG_CONTRATO;CODSEGURADORA;
DELTA;SEG_CONTRATO;CODSEGURADORA;FK
DELTA;SEG_CONTRATO;CODSEGURADORA;PK
DELTA;SEG_CONTRATO;CODTIPOCONTRATO;FK
DELTA;SEG_CONTRATO;CODTIPORISCO;FK
DELTA;SEG_CONTRATO;CODTIPORISCO;
DELTA;SEG_CONTRATO;CODTIPORISCO;PK
DELTA;SEG_CONTRATO;DATCORTECONTFRANQUIA;
DELTA;SEG_CONTRATO;DATFECHAMENTOINICIAL;
DELTA;SEG_CONTRATO;DATFINAL;
DELTA;SEG_CONTRATO;DATINICIAL;
DELTA;SEG_CONTRATO;DSCCONTRATO;
DELTA;SEG_CONTRATO;IDTBLINDADO;
DELTA;SEG_CONTRATO;IDTDELAMINADO;
DELTA;SEG_CONTRATO;IDTFORASISTEMA;
DELTA;SEG_CONTRATO;IDTLIVREESCOLHA;
DELTA;SEG_CONTRATO;IDTLIVREESCOLHA;
DELTA;SEG_CONTRATO;IDTLOGOMARCA;
DELTA;SEG_CONTRATO;IDTMARKUP;
DELTA;SEG_CONTRATO;IDTMODELOOCORRENCIA;
DELTA;SEG_CONTRATO;IDTNEGADELAMINACAO;
DELTA;SEG_CONTRATO;IDTREFATURA;
DELTA;SEG_CONTRATO;IDTREFATURA;
DELTA;SEG_CONTRATO;IDTRESTRITO;
DELTA;SEG_CONTRATO;IDTSTATUS;
DELTA;SEG_CONTRATO;IDTTIPOCONTRATO;
DELTA;SEG_CONTRATO;OBSCONTRATO;
DELTA;SEG_CONTRATO;VALMARKUPDEFAULT;
DELTA;SEG_CONTRATO;VALPERCENTUALDESCONTO;
DELTA;SEG_CONTRATOANEXO;CODANEXO;FK
DELTA;SEG_CONTRATOANEXO;CODANEXO;PK
DELTA;SEG_CONTRATOANEXO;CODANEXO;
DELTA;SEG_CONTRATOANEXO;CODCONTRATO;
DELTA;SEG_CONTRATOANEXO;CODCONTRATO;FK
DELTA;SEG_CONTRATOANEXO;CODCONTRATO;PK
DELTA;SEG_CONTRATOANEXO;CODSEGURADORA;
DELTA;SEG_CONTRATOANEXO;CODSEGURADORA;FK
DELTA;SEG_CONTRATOANEXO;CODSEGURADORA;PK
DELTA;SEG_CONTRATOANEXO;CODTIPORISCO;PK
DELTA;SEG_CONTRATOANEXO;CODTIPORISCO;
DELTA;SEG_CONTRATOANEXO;CODTIPORISCO;FK
DELTA;SEG_CONTRATOPLANO;CODCONTRATO;FK
DELTA;SEG_CONTRATOPLANO;CODCONTRATO;
DELTA;SEG_CONTRATOPLANO;CODPLANO;
DELTA;SEG_CONTRATOPLANO;CODREGISTRO;PK
DELTA;SEG_CONTRATOPLANO;CODREGISTRO;
DELTA;SEG_CONTRATOPLANO;CODSEGURADORA;
DELTA;SEG_CONTRATOPLANO;CODSEGURADORA;FK
DELTA;SEG_CONTRATOPLANO;CODTIPORISCO;
DELTA;SEG_CONTRATOPLANO;CODTIPORISCO;FK
DELTA;SEG_CONTRATOPLANO;DATCADASTRO;
DELTA;SEG_CONTRATOPLANO;DATINICIOOPERACAO;
DELTA;SEG_CONTRATOPLANO;QTDANOSBLINDADOS;
DELTA;SEG_CONTRATOSERVICO;CODCONTRATO;FK
DELTA;SEG_CONTRATOSERVICO;CODCONTRATO;
DELTA;SEG_CONTRATOSERVICO;CODCONTRATO;PK
DELTA;SEG_CONTRATOSERVICO;CODSCRIPT;PK
DELTA;SEG_CONTRATOSERVICO;CODSCRIPT;
DELTA;SEG_CONTRATOSERVICO;CODSCRIPT;FK
DELTA;SEG_CONTRATOSERVICO;CODSEGURADORA;PK
DELTA;SEG_CONTRATOSERVICO;CODSEGURADORA;
DELTA;SEG_CONTRATOSERVICO;CODSEGURADORA;FK
DELTA;SEG_CONTRATOSERVICO;CODSERVICO;FK
DELTA;SEG_CONTRATOSERVICO;CODSERVICO;PK
DELTA;SEG_CONTRATOSERVICO;CODSERVICO;
DELTA;SEG_CONTRATOSERVICO;CODTIPORISCO;PK
DELTA;SEG_CONTRATOSERVICO;CODTIPORISCO;FK
DELTA;SEG_CONTRATOSERVICO;CODTIPORISCO;
DELTA;SEG_CONTRATOSERVICO;CODTIPOSCRIPT;
DELTA;SEG_CONTRATOSERVICO;CODTIPOSCRIPT;FK
DELTA;SEG_CONTRATOSERVICO;CODTIPOSCRIPT;PK
DELTA;SEG_CONTRATOSERVICO;VALCOBRADO;
DELTA;SEG_CONTRATOSERVICO;VALFRANQUIA;
DELTA;SEG_CONTRATOSERVICO;VALFRANQUIADELAM;
DELTA;SEG_CONTRATOSERVICO;VALFRANQUIADELAMLIVREESC;
DELTA;SEG_CONTRATOSERVICO;VALFRANQUIALIVREESCOLHA;
DELTA;SEG_CREDENCIADO;CODAGENCIA;FK
DELTA;SEG_CREDENCIADO;CODBANCO;FK
DELTA;SEG_CREDENCIADO;CODCATEGORIA;FK
DELTA;SEG_CREDENCIADO;CODCIDADE;
DELTA;SEG_CREDENCIADO;CODCLIENTE;PK
DELTA;SEG_CREDENCIADO;CODCLIENTE;FK
DELTA;SEG_CREDENCIADO;CODCLIENTE;
DELTA;SEG_CREDENCIADO;CODCOLAFORNECIMENTO;FK
DELTA;SEG_CREDENCIADO;CODGRUPOATUALIZACAO;FK
DELTA;SEG_CREDENCIADO;CODMODELONOTANFE;
DELTA;SEG_CREDENCIADO;CODMODELONOTANFS;
DELTA;SEG_CREDENCIADO;CODMONTADORA;FK
DELTA;SEG_CREDENCIADO;CODORIGEMCOMPRA;FK
DELTA;SEG_CREDENCIADO;CODPARAMETRO;FK
DELTA;SEG_CREDENCIADO;CODSERIENFE;
DELTA;SEG_CREDENCIADO;CODSERIENFS;
DELTA;SEG_CREDENCIADO;CODTIPOENVIODIRETO;FK
DELTA;SEG_CREDENCIADO;CODTIPONEGOCIO;FK
DELTA;SEG_CREDENCIADO;CODTIPOVENDA;FK
DELTA;SEG_CREDENCIADO;CODZONA;
DELTA;SEG_CREDENCIADO;CODZONA;FK
DELTA;SEG_CREDENCIADO;DATCADASTRO;
DELTA;SEG_CREDENCIADO;DATENVIOTERMO;
DELTA;SEG_CREDENCIADO;DATEXPIRACAOSENHA;
DELTA;SEG_CREDENCIADO;DATPRIMEIRAORDEM;
DELTA;SEG_CREDENCIADO;DATRETORNOTERMO;
DELTA;SEG_CREDENCIADO;DATULTIMAMODIFICACAO;
DELTA;SEG_CREDENCIADO;DATULTIMAORDEM;
DELTA;SEG_CREDENCIADO;DATULTIMOACESSOSITE;
DELTA;SEG_CREDENCIADO;DSCBAIRRO;
DELTA;SEG_CREDENCIADO;DSCCEP;
DELTA;SEG_CREDENCIADO;DSCCOMPLEMENTO;
DELTA;SEG_CREDENCIADO;DSCCONTACORRENTE;
DELTA;SEG_CREDENCIADO;DSCCPFCNPJCONTA;
DELTA;SEG_CREDENCIADO;DSCEMAIL;
DELTA;SEG_CREDENCIADO;DSCENDERECO;
DELTA;SEG_CREDENCIADO;DSCIPULTIMOACESSOSITE;
DELTA;SEG_CREDENCIADO;DSCMAPA;
DELTA;SEG_CREDENCIADO;DSCMAPALINK;
DELTA;SEG_CREDENCIADO;DSCPONTOREFERENCIA;
DELTA;SEG_CREDENCIADO;DSCRESPONSAVELCOMUNICACAO;
DELTA;SEG_CREDENCIADO;DSCSENHAINFOFINANCEIRA;
DELTA;SEG_CREDENCIADO;DSCSENHAINTERNET;
DELTA;SEG_CREDENCIADO;IDTBLOQUEIAPAGTO;
DELTA;SEG_CREDENCIADO;IDTENDERECOVENDAS;
DELTA;SEG_CREDENCIADO;IDTENVIODIRETO;
DELTA;SEG_CREDENCIADO;IDTESSEX;
DELTA;SEG_CREDENCIADO;IDTEXIBEINFOFINANCEIRA;
DELTA;SEG_CREDENCIADO;IDTLOJAPROPRIA;
DELTA;SEG_CREDENCIADO;IDTLOJAPROPRIA;
DELTA;SEG_CREDENCIADO;IDTMEIOCOMUNICACAO;
DELTA;SEG_CREDENCIADO;IDTNEGOCIACAOPREVIA;
DELTA;SEG_CREDENCIADO;IDTOFERTAADAS;
DELTA;SEG_CREDENCIADO;IDTOFERTAADAS;
DELTA;SEG_CREDENCIADO;IDTPARTICIPACOTACAOAUTOMATICA;
DELTA;SEG_CREDENCIADO;IDTPERMITETROCALOJA;
DELTA;SEG_CREDENCIADO;IDTPRIORIDADEVISTORIA;
DELTA;SEG_CREDENCIADO;IDTRECIBOFRANQUIA;
DELTA;SEG_CREDENCIADO;IDTRECIBOFRANQUIA;
DELTA;SEG_CREDENCIADO;IDTREEMBOLSOICMS;
DELTA;SEG_CREDENCIADO;IDTREPARO;
DELTA;SEG_CREDENCIADO;IDTSENHATEMPORARIA;
DELTA;SEG_CREDENCIADO;IDTSERVICOMOVEL;
DELTA;SEG_CREDENCIADO;IDTSITUACAO;
DELTA;SEG_CREDENCIADO;IDTSITUACAOSENHAWEB;
DELTA;SEG_CREDENCIADO;IDTTIPOCONTA;
DELTA;SEG_CREDENCIADO;IDTTIPODOCUMENTO;
DELTA;SEG_CREDENCIADO;NOMTITULARCONTA;
DELTA;SEG_CREDENCIADO;NUMDDDCOMUNICACAO;
DELTA;SEG_CREDENCIADO;NUMDIGITOAGENCIA;
DELTA;SEG_CREDENCIADO;NUMNUMERO;
DELTA;SEG_CREDENCIADO;NUMPONTUACAO;
DELTA;SEG_CREDENCIADO;NUMTELEFONECOMUNICACAO;
DELTA;SEG_CREDENCIADO;OBSCREDENCIADO;
DELTA;SEG_CREDENCIADO;PCTISSRETIDO;
DELTA;SEG_CREDENCIADO;PCTLIMITESALDOOS;
DELTA;SEG_CREDENCIADO;PCTMARGNEGACESSORIO;
DELTA;SEG_CREDENCIADO;PCTMARGNEGVIDRO;
DELTA;SEG_CREDENCIADO;PCTMETAREPARO;
DELTA;SEG_CREDENCIADO;PCTREEMBOLSOICMS;
DELTA;SEG_CREDENCIADO;QTDMAXSERVICOSDIA;
DELTA;SEG_CREDENCIADO;QTDMAXSERVICOSDIAPONTOFIXO;
DELTA;SEG_CREDENCIADO;QTDMAXVISTORIADIA;
DELTA;SEG_CREDENCIADO;QTDVISITASITE;
DELTA;SEG_CREDENCIADO;VALPONTUACAO;
DELTA;SEG_CREDENCIADOEMAIL;CODATENDIMENTO;
DELTA;SEG_CREDENCIADOEMAIL;CODATENDIMENTO;FK
DELTA;SEG_CREDENCIADOEMAIL;CODCLIENTE;
DELTA;SEG_CREDENCIADOEMAIL;CODCLIENTE;FK
DELTA;SEG_CREDENCIADOEMAIL;CODCREDENCIADOEMAIL;
DELTA;SEG_CREDENCIADOEMAIL;CODCREDENCIADOEMAIL;PK
DELTA;SEG_CREDENCIADOEMAIL;DATINCLUSAO;
DELTA;SEG_CREDENCIADOEMAIL;DSCEMAIL;
DELTA;SEG_CREDENCIADOEMAIL;IDTTIPO;
DELTA;SEG_CREDENCIADOEMAIL;LOBOBSERVACAO;
DELTA;SEG_CREDENCIADOTIPO;CODCLIENTE;PK
DELTA;SEG_CREDENCIADOTIPO;CODCLIENTE;FK
DELTA;SEG_CREDENCIADOTIPO;CODCLIENTE;
DELTA;SEG_CREDENCIADOTIPO;CODTIPOCREDENCIAMENTO;
DELTA;SEG_CREDENCIADOTIPO;CODTIPOCREDENCIAMENTO;PK
DELTA;SEG_CREDENCIADOTIPO;CODTIPOCREDENCIAMENTO;FK
DELTA;SEG_CREDENCIADOTIPO;IDTCLASSIFICACAO;
DELTA;SEG_SEGURADORA;CODCEP;FK
DELTA;SEG_SEGURADORA;CODCIDADE;FK
DELTA;SEG_SEGURADORA;CODCIDADE;
DELTA;SEG_SEGURADORA;CODCORSEGURADORA;
DELTA;SEG_SEGURADORA;CODGRUPOSEGURADORA;FK
DELTA;SEG_SEGURADORA;CODSEGURADORA;PK
DELTA;SEG_SEGURADORA;CODSEGURADORA;
DELTA;SEG_SEGURADORA;CODTIPOFATURAMENTO;FK
DELTA;SEG_SEGURADORA;CODTIPOFRANQUIASEGURADORA;
DELTA;SEG_SEGURADORA;CODTIPONEGOCIO;FK
DELTA;SEG_SEGURADORA;CODTIPOORIGEMCARGA;FK
DELTA;SEG_SEGURADORA;CODTIPOVENDA;FK
DELTA;SEG_SEGURADORA;DSCABREVSEGURADORA;
DELTA;SEG_SEGURADORA;DSCATENDIMENTOWEB;
DELTA;SEG_SEGURADORA;DSCBAIRRO;
DELTA;SEG_SEGURADORA;DSCCLIENTEVIP;
DELTA;SEG_SEGURADORA;DSCCNPJ;
DELTA;SEG_SEGURADORA;DSCCOMPLEMENTO;
DELTA;SEG_SEGURADORA;DSCCONTATO;
DELTA;SEG_SEGURADORA;DSCEMAILCOBERTURA;
DELTA;SEG_SEGURADORA;DSCEMAILREEMBOLSO;
DELTA;SEG_SEGURADORA;DSCENDERECO;
DELTA;SEG_SEGURADORA;DSCFAX;
DELTA;SEG_SEGURADORA;DSCIMAGEMEMAIL;
DELTA;SEG_SEGURADORA;DSCINSCRICAOESTADUAL;
DELTA;SEG_SEGURADORA;DSCLINKWHATSAPP;
DELTA;SEG_SEGURADORA;DSCMENSAGEMRODAPE;
DELTA;SEG_SEGURADORA;DSCNUMEROWHATSAPP;
DELTA;SEG_SEGURADORA;DSCPALAVRACHAVECLIENTEVIP;
DELTA;SEG_SEGURADORA;DSCSEGURADORA;
DELTA;SEG_SEGURADORA;DSCTELEFONE;
DELTA;SEG_SEGURADORA;DSCTELEFONEALTERNATIVO;
DELTA;SEG_SEGURADORA;DSCTELEFONEDESTINO;
DELTA;SEG_SEGURADORA;DSCTRATATIVA;
DELTA;SEG_SEGURADORA;IDTALTERATRATATIVA;
DELTA;SEG_SEGURADORA;IDTAREASEGURADO;
DELTA;SEG_SEGURADORA;IDTAREASEGURADO;
DELTA;SEG_SEGURADORA;IDTBLINDADO;
DELTA;SEG_SEGURADORA;IDTBLINDADO;
DELTA;SEG_SEGURADORA;IDTCLASSIFICACAOVEICULO;
DELTA;SEG_SEGURADORA;IDTCOBRANCA;
DELTA;SEG_SEGURADORA;IDTCOBRASERVICOMOVEL;
DELTA;SEG_SEGURADORA;IDTDESMARCAROR;
DELTA;SEG_SEGURADORA;IDTDIVERGENCIAFRANQUIA;
DELTA;SEG_SEGURADORA;IDTDOCUMENTOSEGURADORA;
DELTA;SEG_SEGURADORA;IDTEMAILCORRETOR;
DELTA;SEG_SEGURADORA;IDTENVIACPFCARGA;
DELTA;SEG_SEGURADORA;IDTENVIACPFCARGA;
DELTA;SEG_SEGURADORA;IDTENVIOCARGA;
DELTA;SEG_SEGURADORA;IDTENVIONPSOPINIONE;
DELTA;SEG_SEGURADORA;IDTEXIBIRRAZAOFANTASIA;
DELTA;SEG_SEGURADORA;IDTGERARLOG;
DELTA;SEG_SEGURADORA;IDTIMPORTARDADOSWEB;
DELTA;SEG_SEGURADORA;IDTNPSUNICOEVENTO;
DELTA;SEG_SEGURADORA;IDTOFERTAADAS;
DELTA;SEG_SEGURADORA;IDTOFERTAADAS;
DELTA;SEG_SEGURADORA;IDTORDEMREEMBOLSO;
DELTA;SEG_SEGURADORA;IDTORIGEMFRANQUIA;
DELTA;SEG_SEGURADORA;IDTPERMITECLIENTEVIP;
DELTA;SEG_SEGURADORA;IDTPERMITEENVIOSMSNPS;
DELTA;SEG_SEGURADORA;IDTPERMITEENVIOWHATSAPP;
DELTA;SEG_SEGURADORA;IDTPRIORIDADERETORNO;
DELTA;SEG_SEGURADORA;IDTREEMBOLSO;
DELTA;SEG_SEGURADORA;IDTRESSARCIMENTO;
DELTA;SEG_SEGURADORA;IDTRETERIMPOSTO;
DELTA;SEG_SEGURADORA;IDTSEMLIMITEUTILIZACAOREPARO;
DELTA;SEG_SEGURADORA;IDTSITUACAOWEB;
DELTA;SEG_SEGURADORA;IDTSTATUS;
DELTA;SEG_SEGURADORA;IDTTIPOASSOCIACAOCONTRATO;
DELTA;SEG_SEGURADORA;IDTTIPOCONTRATANTE;
DELTA;SEG_SEGURADORA;IDTTIPOENVIOCARGA;
DELTA;SEG_SEGURADORA;IDTTIPOENVIOCARGA;
DELTA;SEG_SEGURADORA;IDTUTILIZAPOLIDORFAROL;
DELTA;SEG_SEGURADORA;IDTUTILIZASTATUSATEND;
DELTA;SEG_SEGURADORA;IDTUTILIZATIMELINE;
DELTA;SEG_SEGURADORA;IDTUTILIZAWHATSAPP;
DELTA;SEG_SEGURADORA;LOGOMARCA;
DELTA;SEG_SEGURADORA;NOMFANTASIA;
DELTA;SEG_SEGURADORA;NUMNUMERO;
DELTA;SEG_SEGURADORA;NUMPRAZOCOBRANCA;
DELTA;SEG_SEGURADORA;NUMPRAZOREALIZAOS;
DELTA;SEG_SEGURADORA;OBSSEGURADORA;
DELTA;SEG_SEGURADORA;PERCDESCFRANQBYWEB;
DELTA;SEG_SEGURADORA;VALCOBRADONEGOCIADO;
DELTA;SEG_SEGURADORA;VALCOBRADOSERVMOVEL;
DELTA;SEG_SEGURADORA;VALMARKUPREEMBOLSO;
DELTA;SEG_SEGURADORA;VALPERCENTUALIMPORTANCIA;
DELTA;SEG_SEGURADORA;WEB_TOP;
DELTA;SEG_SEGURADORAGRUPO;CODGRUPOSEGURADORA;PK
DELTA;SEG_SEGURADORAGRUPO;CODGRUPOSEGURADORA;
DELTA;SEG_SEGURADORAGRUPO;CODSEGURADORA;FK
DELTA;SEG_SEGURADORAGRUPO;DSCABREVIACAO;
DELTA;SEG_SEGURADORAGRUPO;DSCGRUPOSEGURADORA;
DELTA;SEG_SEGURADORAGRUPO;DSCMENSAGEMREEMBOLSO;
DELTA;SEG_SEGURADORAGRUPO;DSCNOMEORDEMREEMBOLSO;
DELTA;SEG_SEGURADORAGRUPO;DSCTELEFONEDESTINO;
DELTA;SEG_SEGURADORAGRUPO;IDTACEITAREEMBOLSO;
DELTA;SEG_SEGURADORAGRUPO;IDTEMAILREEMBOLSOOS;
DELTA;SEG_SEGURADORAGRUPO;IDTPAREEMBOLSO;
DELTA;SEG_SEGURADORAGRUPO;IDTPAREEMBOLSO;
DELTA;SEG_SEGURADORAGRUPO;IDTSITUACAO;
DELTA;SEG_SEGURADORAGRUPO;IDTSITUACAOWEB;
DELTA;SEG_SEGURADORAVEICULO;CODANEXO;FK
DELTA;SEG_SEGURADORAVEICULO;CODCATEGORIA;FK
DELTA;SEG_SEGURADORAVEICULO;CODEXTERNO;PK
DELTA;SEG_SEGURADORAVEICULO;CODEXTERNO;
DELTA;SEG_SEGURADORAVEICULO;CODFABRICANTESAS;
DELTA;SEG_SEGURADORAVEICULO;CODFAMILIA;FK
DELTA;SEG_SEGURADORAVEICULO;CODFAMILIASEG;FK
DELTA;SEG_SEGURADORAVEICULO;CODFIPE;
DELTA;SEG_SEGURADORAVEICULO;CODMODELOVEICULO;FK
DELTA;SEG_SEGURADORAVEICULO;CODMONTADORA;FK
DELTA;SEG_SEGURADORAVEICULO;CODSEGURADORA;PK
DELTA;SEG_SEGURADORAVEICULO;CODSEGURADORA;
DELTA;SEG_SEGURADORAVEICULO;CODSEGURADORA;FK
DELTA;SEG_SEGURADORAVEICULO;CODUSUARIOMAPEAMENTO;FK
DELTA;SEG_SEGURADORAVEICULO;DATCRIACAO;
DELTA;SEG_SEGURADORAVEICULO;DATULTIMAALTERACAO;
DELTA;SEG_SEGURADORAVEICULO;DSCOBSERVACAOALTERACAO;
DELTA;SEG_SEGURADORAVEICULO;DSCVEICULO;
DELTA;SEG_SEGURADORAVEICULO;IDTAUTOMATICO;
DELTA;SEG_SEGURADORAVEICULO;IDTBLINDADO;
DELTA;SEG_SEGURADORAVEICULO;IDTIMPORTACAO;
DELTA;SEG_SEGURADORAVEICULO;IDTPROCEDENCIA;
DELTA;SEG_SEGURADORAVEICULO;IDTSITUACAO;
DELTA;SEG_SEGURADORAVEICULO;NUMANOFIMFABRICACAO;
DELTA;SEG_SEGURADORAVEICULO;NUMANOINICIOFABRICACAO;
